id,year,date_apx,start_date,end_date,date_type,country,city,type,life_stage,tooltip,companion,latitude,longitude,days
1,1991-2008,24 April 1991- 24 August 2008,1991-04-24,2008-08-24,exact,Russia,Kazan,home,childhood,"The place where I was born and spent about half of my life. It is the place I return to when I want to feel where I come from.",with family,55.78874,49.12214,5287
2,2008-2014,25 August 2008–20 July 2014,2008-08-25,2014-07-20,exact,Russia,Saint-Petersburg,home,student,"My first move away from the place where I was born, away from my roots and my family. At 17, I was completely alone and felt incredibly sad. For the first month, I did little but cry. Yet for the rest of the days, months and years I spent in Saint Petersburg, I was happy. Now, 18 years later, I see this move as one of the best decisions of my life.",alone,59.93428,30.3351,1601
3,2014-2015,1 November 2014 - 1 April 2015,2014-11-01,2015-04-01,exact,Russia,Moscow,home,student,"The start of my PhD programme, and the reason I had to move to Moscow. Too much movement, speed and noise. After the quietness of smaller cities, Moscow felt overwhelming.",alone,55.7558,37.6173,151
4,2015-2016,1 April 2015-19 November 2016,2015-04-01,2016-11-19,exact,Russia,Saint-Petersburg,home,early career,"I moved back to Saint Petersburg, where I felt a sense of belonging that I had never really found in Moscow. I learned that the environment around you shapes your life more than you realise. It is easier to build a life when the place itself feels right.",alone,59.93428,30.3351,547
5,2016-2024,19 November 2016 - 15 May 2024,2016-11-19,2024-05-15,exact,Switzerland,Geneva,home,international career,"A new chapter of my life, bringing an experience I could hardly have imagined: learning to live and work in an international community. Somewhere along the way, I started to feel less like someone from a city written in a passport and more like someone from planet Earth.",alone,46.2044,6.1432,2414
6,2024-2025,16 May 2024-1 November 2025,2024-05-16,2025-11-01,exact,Spain,Gran Canaria,home,transition,"Another chapter in my life. It was shorter than I had planned and very different from what I had imagined, as it coincided with one of the most challenging periods of my personal life. Yet it taught me that sometimes it is worth closing a book when you no longer like the story.",with family,27.9667,-15.6,422
7,2025-2026,2 November 2025 - 15 October 2026,2025-11-02,2026-10-15,exact,France,Frejus,home,family,"A period of trial and error in trying to integrate into French life. In the end, I had to accept that my own views can change tooб and find a new way forward.",with family,43.433,6.737,206
8,1991-2008,repeated visits,1991-01-01,2008-12-31,year,Russia,Labyshka,leisure,childhood,"I spent every summer here with my grandmother, while my parents usually came only for the weekends. For a child, the Volga and our family summer house felt like the whole world.",with family,55.46204,49.0232,1120
9,1995-2006,repeated visits,1995-01-01,2006-12-31,year,Russia,Bely Yar,leisure,childhood,"A place where part of my family comes from. We visited several times throughout my childhood and later life. I associate it less with a particular event than with the feeling of being somewhere that existed in my family long before I did.",with family,53.97997,48.90005,60
10,2004-2007,repeated visits,2004-01-01,2007-12-31,year,Russia,Verkhny Uslon,leisure,childhood,"A children’s summer camp focused on mathematics and IT. Not much learning came from it, but many unforgettable emotions did. It was one of the first places where being away from home alone felt exciting rather than frightening.",with family,55.76855,48.98292,120
11,2008,30 June–6 July,2008-06-30,2008-07-06,exact,Russia,Saint-Petersburg,purpose,childhood,"A trip to Saint Petersburg with my sister to apply to Saint Petersburg State University and see the city. Yes, back then, it was impossible to apply online. It was my first time travelling so far from the region where I was born. I was overwhelmed by the scale and beauty of the city, and immediately knew that I wanted to live there.",with family,59.93428,30.3351,6
12,2008,5–16 August,2008-08-05,2008-08-16,exact,Russia,Lermontovo,leisure,student,"My first vacation by the sea, and the first time I ever swam in the sea. I travelled there with my mom by train. It took us two days to get there from Kazan. At the time, the journey itself felt like part of the adventure.",with family,44.30411,38.74989,11
13,2009,16–29 July,2009-07-16,2009-07-29,exact,Abkhazia,Gudauta,leisure,student,"The first time I got badly sunburned and stayed up raving at night. I remember the amazing nature, kind people and grapefruits. The first fresh figs I ever ate, picked straight from a tree. But I also remember a cannon left by the side of the road, almost exactly where it had been left during the civil war of 1992-93. That contrast between everyday beauty and the traces of conflict stayed with me.",with family,43.10199,40.6248,13
14,2010,2–4 May,2010-05-02,2010-05-04,exact,Russia,Moscow,leisure,student,"A reunion of former classmates from Kazan School, while visiting one of them at Moscow State University. I remember going up to the 32nd floor of the University and gazing on the city about 230 metres above the Moskva River.",with friends,55.7558,37.6173,3
15,2010,May,2010-05-15,2010-05-16,exact,USA,New York,purpose,student,"The first stop of the Work & Travel USA program. My friend and I were walking in New York at night. The city was permeated with the smell of fast food and burned oil. There wasn't a single corner among the skyscrapers where you could escape it.",with friends,40.7128,-74.006,1
16,2010,June-August,2010-05-16,2010-07-15,exact,USA,Daytona Beach,purpose,student,"The second stop of my American journey. On our first day, we went swimming in the Atlantic and someone suddenly yelled, Shark! I was terrified. A few weeks later I was confidently walking along the highway, stepping over crocodile carcasses. Somewhere between the shark and the crocodiles, the American South stopped feeling like a distant world and became normal to me. The trip changed how I saw cultural difference: things can be simultaneously strange and familiar.",with friends,29.2108,-81.0228,60
17,2010,July-August,2010-07-16,2010-08-31,exact,USA,Sturgis,purpose,student,"To get to this place, we had to drive across a half of the country, from Florida to South Dakota. While selling T-shirts and souvenirs to bikers at the annual Sturgis Motorcycle Rally, I realized that you really shouldn’t judge people by their covers.",with friends,44.4097,-103.5091,46
18,2011,8-24 July,2011-07-08,2011-07-24,exact,Greece,Crete,leisure,student,"This is where I became fascinated by the history of human civilization, standing among the ruins of Knossos. It was the moment when I first touched culture rather than simply looking at it in an art book.",with family,35.2401,24.8093,14
19,2013,18-21 February,2013-02-18,2013-02-21,exact,Russia,Suzdal,purpose,student,"My first serious, adult economic conference. Three days of listening, meeting people and discussing real research made me realise that I was fascinated by this world. I began to see the importance of research, and of understanding issues that matter to society.",alone,56.4198,40.4495,3
20,2013,11 April - 9 August,2013-04-11,2013-08-09,exact,Germany,Frankfurt-am-Oder,purpose,student,"Student life is not complete without an Erasmus experience. Mine happened here. So many cultures to communicate with, so many people to meet, and some of the best years of my youth. Even though it lasted only four months, it felt like a whole lifetime.",alone,52.3471,14.5506,120
21,2013,repeated visits,2013-04-11,2013-08-09,year,Germany,Berlin,leisure,student,"I made many trips to Berlin while I was on Erasmus in Germany. I couldn’t leave them out: Berlin showed me what freedom feels like, what it means to feel accepted even when you are different, and what it means to trust life.",with friends,52.52,13.405,15
22,2013,19 May - 30 May,2013-05-19,2013-05-30,exact,France,Paris,purpose,student,"A short MBA programme in Paris, where, alongside learning how to run a business in Europe, I discovered the French wine industry and did my first wine tasting. That experience stayed with me and sparked an interest that would last for years.",with friends,48.8566,2.3522,11
23,2013,24-26 May,2013-05-24,2013-05-26,exact,France,Saint-Raphael,leisure,student,"A treat to myself, nothing else. Just two days on the French Riviera between studies. Yet, back then, I made a wish to live there. Ten years later, I came back and bought an apartment in the region. Sometimes wishes do come true.",with friends,43.4252,6.7687,2
24,2013,15 June,2013-06-15,2013-06-15,exact,Germany,Dresden,leisure,student,"One trip with my Erasmus friends, full of laughter, sun and pleasure. A final celebration of our time in Germany. It left me with one lasting thought: my friends can come from anywhere in the world.",with friends,51.0504,13.7373,1
25,2013,22-24 June,2013-06-22,2013-06-24,exact,Poland,Wroclaw,leisure,student,"I spontaneously visited a friend as soon as the idea came to me. I have tried to carry that attitude with me ever since: sometimes there is no need to postpone things. The moment you want to do something can be the right moment to do it.",with friends,51.1079,17.0385,3
26,2013,9-15 August,2013-08-09,2013-08-15,exact,Netherlands,Amsterdam,leisure,student,"I joined a group of Russians from my former faculty whom I had seen only a few times in the corridor and had never really spoken to. We spent about ten days together in Amsterdam and Barcelona, living under one roof, making plans and finding common ground. It felt less like a holiday and more like a training course in communication.",with friends,52.3676,4.9041,6
27,2013,16-23 August,2013-08-16,2013-08-23,exact,Spain,Barcelona,leisure,student,"A cultural immersion through Gaudí’s masterpieces: Sagrada Família, Sant Pau, Palau de la Música Catalana and Fundació Joan Miró. For a few days, the city felt like one enormous encounter with art and architecture.",with friends,41.3874,2.1686,7
28,2013,13-17 November,2013-11-13,2013-11-17,exact,Ukraine,Kyiv,purpose,student,"Out of curiosity, I went to a student UN game, representing North Korea. Yes, quite an experience. Three years later, I received a positive reply to my application for a UN student internship, the opportunity that eventually became eight years of living in Geneva. Another reminder that sometimes a small step can lead somewhere you could never have predicted.",with friends,50.4501,30.5234,4
29,2013,4-9 December,2013-12-04,2013-12-09,exact,Germany,Hamburg,purpose,student,"Another student UN game. Another experience of defending a position I hardly agreed with myself.",alone,53.5511,9.9937,5
30,2013,10-12 December,2013-12-10,2013-12-12,exact,Germany,Berlin,leisure,student,"A trip back to Berlin, just to recharge my battery. There are only a few places in the world where I can do it as quickly and naturally as in this city.",with friends,52.52,13.405,2
31,2014,16-19 January,2014-01-16,2014-01-19,exact,Estonia,Tallinn,leisure,student,"I will never forget a candlelit medieval tavern where the staff stayed in character, food was served without cutlery, and you could get a hearty elk soup. It was quite an immersion into medieval times.",with friends,59.437,24.7536,3
32,2014,20-21 January,2014-01-20,2014-01-21,exact,Latvia,Riga,leisure,student,"The Bremen Town Musicians sculpture, featuring the characters from a fairy tale I loved so much as a child. Seeing them unexpectedly in Riga felt like meeting a piece of my childhood again.",with friends,56.9496,24.1052,2
33,2014,22-23 January,2014-01-22,2014-01-23,exact,Lithuania,Vilnius,leisure,student,"I got poisoned by a traditional dish that was simply too fatty for me. It was the only time in my life so far that I have been poisoned by food while travelling. Since then, I have been much more careful with it. And somehow, this is the only memory I have of Vilnius.",with friends,54.6872,25.2797,2
34,2014,24-26 January,2014-01-24,2014-01-26,exact,Belarus,Minsk,leisure,student,"Soviet-style architecture and an almost excessive sense of order. Everything felt so controlled that, instead of making me feel comfortable, it became almost suffocating.",with friends,53.9006,27.559,3
35,2014,1-2 of June,2014-06-01,2014-06-02,exact,Finland,Helsinki,leisure,student,"So much nature around the city. Helsinki felt almost built into it, rather than having nature added around it.",with family,60.1699,24.9384,1
36,2014,3 June,2014-06-03,2014-06-03,exact,Sweden,Stockholm,leisure,student,"The Swedish approach to life seemed to be everywhere. IKEA probably could not have come from anywhere else.",with family,59.3293,18.0686,1
37,2014,4 June,2014-06-04,2014-06-04,exact,Estonia,Tallinn,leisure,student,"Without planning it, I came back to this city just four months later, seeing it first covered in snow and then under the sun.",with family,59.437,24.7536,1
38,2014,2-8 August,2014-08-02,2014-08-08,exact,Spain,Benidorm,leisure,student,"A reunion with my Erasmus friends. We remembered the nice moments, but also realised how much we had already changed in just one year.",with friends,38.5411,-0.1225,6
39,2014,9-11 August,2014-08-09,2014-08-11,exact,France,Marseille,leisure,student,"Beautiful architecture, but a feeling of insecurity that I had not expected. The contrast between the beauty of the city and how unsafe I felt there was shocking to me.",with friends,43.2965,5.3698,3
40,2014,12-15 August,2014-08-12,2014-08-15,exact,France,Nice,leisure,student,"The unforgettable works of Matisse, which expanded my understanding of colour and the simplicity of form.",with friends,43.7102,7.262,3
41,2014,16-19 August,2014-08-16,2014-08-19,exact,Switzerland,Geneva,leisure,student,"Visiting the UN building. Somewhere during this trip, I made the decision that I wanted to work there.",with friends,46.2044,6.1432,3
42,2014,18 August,2014-08-18,2014-08-18,exact,France,Annecy,leisure,student,"We got to the bus stop too late, and couldn't leave the place before the night, ending up walking in the city the whole night. Trips require flexibility, and sometimes you just have to accept that things will not go as planned.",with friends,45.8992,6.1294,1
43,2014,20-22 August,2014-08-20,2014-08-22,exact,Denmark,Copenhagen,leisure,student,"Cold, and somehow the same coldness in the modern architecture. I had the feeling that no other kind of architecture could fit this place.",with friends,55.6761,12.5683,3
44,2015,4–14 July,2015-07-04,2015-07-14,exact,Russia,Moscow,purpose,early career,"A trip with a medical purpose related to a family member. It was emotionally very difficult, but it became part of an experience that deeply affected me and changed both my personality and the course of my life. I couldn’t leave it out.",with family,55.7558,37.6173,11
45,2016,29 April–11 May,2016-04-29,2016-05-11,exact,Russia,Pyatigorsk,purpose,early career,"I joined a group heading towards Mount Elbrus. We walked with tents and food for ten days, reaching 3,500 metres, and then spent 18h climbing towards the summit at 5,500 metres and back. I think I needed this trip to forget one of the most difficult years of my life, something that could wake me up and remind me how beautiful life can be.",alone,44.0486,43.0594,13
46,2016,27–29 May,2016-05-27,2016-05-29,exact,Russia,Moscow,purpose,early career,"That was a marathon era in my life, I guess as in lives of many people. This trip had a purpose to run a half marathon in Moscow. Who wasnt there.",with friends,55.7558,37.6173,3
47,2016,23–25 July,2016-07-23,2016-07-25,exact,Russia,Karelia,leisure,early career,"What I remember most are the unbelievably blue lakes I had never seen before, and blueberries growing everywhere.",with friends,63.8167,33,3
48,2016,11–15 August,2016-08-11,2016-08-15,exact,Russia,Gulf of Finland,leisure,early career,"My first five-day trip on a yacht. I agreed to go without thinking twice. Somehow, I ended up falling in love with the feeling of the wind and the absolute freedom. No land in sight, just me and the sea.",with friends,59.8333,26,5
49,2016,2–3 October,2016-10-02,2016-10-03,exact,Russia,Helsinki,leisure,early career,"My first trip abroad completely on my own, with no purpose, just going with the flow. It was only a couple of days, but for me it was a big step.",alone,60.1699,24.9384,2
50,2016,23/4/5  November,2016-10-21,2016-10-23,exact,Sri Lanka,Colombo,leisure,early career,"My first trip to a developing country. I landed in Colombo, walked out of the airport and started to cry. I didn’t even want to stay for a day. I had to pull myself together and give the trip a chance. In the end, after a lot of adjustment and acceptance, I learned so much about the culture, local people and the economy I had previously known only from statistics and textbooks.",with friends,6.9271,79.8612,3
51,2016,24–30 November,2016-11-24,2016-11-30,exact,Sri Lanka,Galle,leisure,early career,"Learning to surf along the coast, keeping my balance on the waves and trying not to think about sharks. Then, at the end of the trip, I was bitten by a monkey and spent some unforgettable hours in a tiny medical centre debating with a local doctor whether I needed a rabies vaccine.",with friends,6.0328,80.215,7
52,2016,31 October–3 November,2016-10-31,2016-11-03,exact,Sri Lanka,Kandy,leisure,early career,"Seeing how ordinary people lived, visiting tea plantations and reflecting on local beliefs at the Temple of the Sacred Tooth Relic. It was one of my first experiences of seeing an economy and a culture from the inside rather than through data.",with friends,7.2931,80.6351,4
53,2016,6 November,2016-11-06,2016-11-05,exact,Russia,Moscow,leisure,early career,"What was supposed to be an ordinary trip to apply for a Swiss visa ended with me entering the Swiss consulate with a black eye and a sunburnt nose. I still remember the nice lady checking my identity, looking at me, then at the photo of the 'good girl' in my passport, and smiling.",alone,55.7558,37.6173,1
54,2016,27 November,2016-11-27,2016-11-27,exact,France,Annecy,leisure,international career,"I came back to the place where I had once been lost and had to spend the night walking around the city. This time, I saw it differently, not as a tourist passing through, but with the feeling of being a citizen.",with friends,45.8992,6.1294,1
55,2017,23 April,2017-04-23,2017-04-23,exact,Switzerland,Gruyère,leisure,international career,"A trip with a Moldovan family I had met while living alone in Switzerland. They had supported me when I was far from my own family, and this trip gave me the feeling of being part of a family again, even so far from home.",with friends,46.5834,7.0821,1
56,2017,18–22 May,2017-05-18,2017-05-22,exact,Spain,Mallorca,leisure,international career,"My first real holiday after a very long and difficult period at work. I was struggling to find my place in an international organisation, not knowing whether I would stay or leave, or even where I belonged. For a few days, I could finally breathe out.",with friends,39.5696,2.6502,5
57,2017,25 June,2017-06-25,2017-06-25,exact,Italy,Monte Bianco,leisure,international career,"I joined a group of CERN engineers for a trip to Punta Helbronner in the Italian Alps. What I remember most is the sight of those enormous white mountains in the middle of summer.",with friends,45.8459,6.9317,1
58,2017,13 July,2017-07-13,2017-07-13,exact,Switzerland,Montreux,leisure,international career,"A visit to the annual Jazz Festival, surrounded by music, summer and happy people. I was in love with my new life then, and seemed to see only the positive in everything around me.",with friends,46.4333,6.9167,1
59,2017,16 July,2017-07-16,2017-07-16,exact,Switzerland,Bern,leisure,international career,"A small trip into what felt like typical Swiss life: quiet, orderly and somehow completely different from everything I had known before.",with friends,46.9491,7.4474,1
60,2017,5 August,2017-08-05,2017-08-05,exact,Italy,Milano,leisure,international career,"Another day travelling alone, seeing a new city and its architecture. At that age, I drank new places in big gulps.",alone,45.4666,9.1666,1
61,2017,6–7 August,2017-08-06,2017-08-07,exact,Italy,Florence,leisure,international career,"I might have had Stendhal syndrome from everything I saw, or perhaps it was simply the August heat. Either way, Florence was almost too much to take in.",with friends,43.7717,11.2536,2
62,2017,8–10 August,2017-08-08,2017-08-10,exact,Italy,Elba Island,leisure,international career,"At 26, I finally discovered what real Italian pizza is, and I couldn't get enough of it. Every single evening of that trip ended by the sea, with a pizza in my hands.",with friends,42.7766,10.2779,3
63,2017,11/13 August,2017-08-11,2017-08-13,exact,Italy,Genova,leisure,international career,"When I arrived, my partner unexpectedly knocked on my hotel door and left me speechless. From that moment, I started looking at him differently, and at our future with new possibilities. I definitely don’t remember much about the city.",with friends,44.4048,8.9444,2
64,2017,12 August,2017-08-12,2017-08-12,exact,Italy,Cinque Terre,leisure,international career,"An amazing day with my partner that we still return to in our memories. He once told me that he had never seen me happier.",with friends,44.107,9.7122,1
65,2017,7–9 October,2017-10-07,2017-10-09,exact,Germany,Berlin,purpose,international career,"Visiting a friend from Moscow and seeing each other on the other side of Europe. It felt strange, as if we were meeting again, but in another life.",with friends,52.52,13.405,3
66,2017,28 October,2017-10-28,2017-10-28,exact,Switzerland,Randa,leisure,international career,"Fighting my fear of heights while crossing one of the longest pedestrian suspension bridges in the world: 85 meters above the ravine. Sometimes the only way through a fear is to keep walking.",with friends,46.1014,7.8023,1
67,2017,11 November,2017-11-11,2017-11-11,exact,France,Chamonix,leisure,international career,"Joining a group of people and realising that I probably would have been better off staying at home. Sometimes that is also part of the experience.",with friends,45.9231,6.8697,1
68,2027,25 November,2027-11-25,2027-11-25,exact,France,Val Thorens,purpose,international career,"I finally went to learn to snowboard, something I had dreamed about for years. In the end, I remember sitting on a beginner’s green slope and crying from the pain in my body while three-year-olds glided past me as if they had been born on a snowboard.",with friends,45.2983,6.5797,1
69,2017,9 December,2017-12-09,2017-12-09,exact,France,Lyon,leisure,international career,"A road trip with a group of friends, and one very serious concern: whether we would actually make it back alive, judging by the way one of the guys was driving.",with friends,45.7578,4.8322,1
70,2017,19/20/23 December,2017-12-18,2017-12-20,exact,Czech Republic,Prague,leisure,international career,"Meeting my mother a year after I had left Russia for Geneva. I don’t think this place needs any other explanation.",with family,50.0878,14.4205,3
71,2017,21 December,2017-12-21,2017-12-21,exact,Czech Republic,Karlovy Vary,leisure,international career,"So much mineral water and so much gas that I left the place feeling like a bubble.",with family,50.2322,12.8713,1
72,2017,22 December,2017-12-22,2017-12-22,exact,Germany,Dresden,leisure,international career,"Visiting a place where I had once felt very happy, long before.",with family,51.0504,13.7373,1
73,2017,26-27 December,2017-12-26,2017-12-27,exact,Spain,Pulgar,purpose,international career,"My first visit to my future family-in-law, and my first glimpse of traditional central Spain. And on the way, stealing my boyfriend away for a New Year’s trip.",with family,39.6947,-4.1522,2
74,2017,28 December–7 January,2017-12-28,2018-01-07,exact,Spain,Tenerife,leisure,international career,"My first long trip with my future husband. Seven years later, we would come back to this island to get married.",with family,28.2916,-16.6291,11
75,2018,24–26 June,2018-06-24,2018-06-26,exact,Switzerland,Interlaken,leisure,international career,"A few days in a tent in front of a crystal-blue lake, perfectly flat and impossibly calm.",with friends,46.6863,7.8632,3
76,2018,1 April,2018-04-01,2018-04-01,exact,France,Grenoble,leisure,international career,"A trip to visit a school friend, ten years after we had finished school. It was strange to realise how much life could happen in between.",with friends,45.1878,5.7269,1
77,2018,23-24 April,2018-04-23,2018-04-24,exact,Switzerland,Veysonnaz,leisure,international career,"Escaping for my birthday and disappearing somewhere in the Swiss Alps. Sometimes I just needed to get away.",with family,46.1962,7.3375,2
78,2018,12-26 May,2018-05-12,2018-05-26,exact,Spain,Ibiza,purpose,international career,"I went to study Spanish, but the real purpose was to become part of the local life for a while: speaking the language, meeting people and trying to understand the culture from inside.",alone,39.02,1.4821,15
79,2018,8-10 June,2018-06-08,2018-06-10,exact,Switzerland,Fraubrunnen,leisure,international career,"Showing Switzerland to my mother. Seeing a place through the eyes of someone discovering it for the first time made me look at it differently too, and notice again where I was.",with family,47.085,7.5269,3
80,2018,1-5 August,2018-08-01,2018-08-05,exact,France,Cassis,leisure,international career,"A very cosy summer trip. The kind of place and memory I return to in my mind when life gets turbulent.",with family,43.214,5.5396,5
81,2018,2–6 September,2018-09-02,2018-09-06,exact,Ukraine,Kyiv,purpose,international career,"A very challenging work trip, but also the moment I realised that this was exactly the part of my job I enjoyed most.",alone,50.4501,30.5234,5
82,2018,8-10 September,2018-09-08,2018-09-10,exact,Italy,Bari,purpose,international career,"Representing the work of my team at a conference. Yet my strongest memory is much less professional: eating freshly caught oysters at a fish market.",alone,41.1171,16.8719,3
83,2018,14-23 October,2018-10-14,2018-10-23,exact,Russia,Moscow,purpose,international career,"I went to Moscow to take exams for my PhD, and ended up facing family difficulties again. Another reminder that, somehow, Moscow never seemed to bring me much luck.",with family,55.7558,37.6173,10
84,2018,19-21 December,2018-12-19,2018-12-21,exact,Cuba,La Habana,leisure,international career,"It felt strangely like coming back to the Soviet Union, not the one I knew, but the one I had heard about in my parents’ stories.",with family,23.1388,-82.3573,3
85,2018,21-25 December,2018-12-21,2018-12-25,exact,Cuba,Vinales,leisure,international career,"Very local Cuban life: salsa playing every evening, riding horses to visit coffee and tobacco farms, making agreements and then discovering the next day that the deal had somehow been broken.",with family,22.6189,-83.7069,5
86,2018,25-27 December,2018-12-25,2018-12-27,exact,Cuba,Cienfuegos,leisure,international career,"I watched the woman in the house where we stayed slowly prepare and serve everything. She seemed completely unbothered by how much time it took. It taught me to stop being so nervous about losing time.",with family,22.1494,-80.4436,3
87,2018,27-29 December,2018-12-27,2018-12-29,exact,Cuba,Trinidad,leisure,international career,"We met an european woman, who shared with us her story about how she had left IT to open a flower shop. I caught myself thinking how much I envied her freedom.",with family,21.8024,-79.9847,3
88,2018,29-30 December,2018-12-29,2018-12-30,exact,Cuba,Santa Clara,leisure,international career,"The mausoleum of Che Guevara. Seeing how one person could change the history of an entire country.",with family,22.4069,-79.9647,2
89,2018,30 December - 3 January,2018-12-30,2019-01-03,exact,Cuba,Varadero,leisure,international career,"A few days by a crystal-clear ocean, mostly to rest after everything else we had seen on the trip.",with family,23.1496,-81.26,5
90,2019,18-20 January,2019-01-18,2019-01-20,exact,France,Meribel,leisure,international career,"An ideal winter escape: sunny days, skiing and being with someone you love.",with family,45.4012,6.5663,3
91,2019,2-5 March,2019-03-02,2019-03-05,exact,Spain,Pulgar,purpose,international career,"Visiting my future family-in-law during carnival season and seeing them in costumes they had made themselves: Matryoshka dolls, the Snow Maiden and a typical young Russian man from a national fairy tale. A very Russian memory in central Spain.",with family,39.6947,-4.1522,4
92,2019,20 March - 16 April,2019-03-20,2019-04-16,exact,Russia,Kazan,purpose,international career,"I came to see the result of a year’s work building the family house that I had supervised remotely. It was satisfying to finally see the physical result of my efforts, much more tangible than an article in a journal or a written report.",with family,55.78874,49.12214,28
93,2019,21-25 April,2019-04-21,2019-04-25,exact,Portugal,Douro Valley,leisure,international career,"Waking up in a local house at sunrise, in the middle of vineyards, with morning haze hanging over the hills. That trip I reflected a lot about what's the life purpose.",with family,41.15,-7.65,5
94,2019,25-27 April,2019-04-25,2019-04-27,exact,Portugal,Porto,leisure,international career,"I was surprised by how much authentic local character had been preserved with such elegance and care. It felt completely different from much of the rest of Europe.",with family,41.1579,-8.6291,3
95,2019,9-11 August,2019-08-09,2019-08-11,exact,Croatia,Dubrovnik,leisure,international career,"I was surprised by the beauty of the city. I arrived with almost no expectations or plans, which probably made the surprise even better.",with family,42.6507,18.0944,3
96,2019,12-14 August,2019-08-12,2019-08-14,exact,Croatia,Hvar,leisure,international career,"Dissolving into crystal-clear, warm water, barely feeling any difference between the temperature of the sea and my own body.",with family,43.1729,16.4411,3
97,2019,15-18 August,2019-08-15,2019-08-18,exact,Croatia,Split,leisure,international career,"Walking through the layers of past civilisations and feeling how much history can accumulate in one place.",with family,43.5081,16.4402,3
98,2019,25-28 October,2019-10-25,2019-10-28,exact,Austria,Vienna,leisure,international career,"A typical holiday where you become a museum rat, spending the days moving from one museum to another and taking in more art than you can possibly process.",with family,48.2082,16.3738,4
99,2019,30 December - 2 January,2019-12-30,2020-01-02,exact,Spain,Granada,leisure,international career,"Spending New Year’s away from the noise, chaos and traditions. Just a few quiet days instead.",with family,37.1773,-3.5986,4
100,2020,17-20 July,2020-07-17,2020-07-20,exact,France,Lacanau,leisure,international career,"Seeing deer come right up to the place where we were staying. I found it incredibly touching.",with family,45,-1.074,4
101,2020,3-8 August,2020-08-03,2020-08-08,exact,Spain,Menorca,leisure,international career,"Discovering some of the most beautiful calas I had ever seen and feeling completely connected to nature.",with family,39.9496,4.1104,6
102,2020,9-10 August,2020-08-09,2020-08-10,exact,Italy,Rome,leisure,international career,"Two days in Rome, ending with no feeling left in my legs but a head full of stories about the beginnings of our civilisation.",with family,41.9028,12.4964,2
103,2020,4-6 September,2020-09-04,2020-09-06,exact,Switzerland,Zermatt,leisure,international career,"Walking about 20 kilometres with no real plan: ""Let’s see if we can get to that point, and then decide whether to go back or keep going.""",with family,46.0207,7.7491,3
104,2021,14-19 February,2021-02-14,2021-02-19,exact,Switzerland,Veysonnaz,leisure,international career,"Celebrating my love for the Swiss Alps on Valentine’s Day.",with family,46.1962,7.3375,6
105,2021,26-30 May,2021-05-26,2021-05-30,exact,France,Scherwiller,leisure,international career,"Exploring Alsace through its wines: Riesling, Pinot Gris, Gewürztraminer, Pinot Blanc, Pinot Noir and Sylvaner. A very enjoyable way to discover a region.",with family,48.1696,7.4207,5
106,2021,30 May-2 June,2021-05-30,2021-06-02,exact,France,Paris,leisure,international career,"Just a couple of days to merge with the dynamism of a big city again.",with family,48.8566,2.3522,4
107,2021,3-5 June,2021-06-03,2021-06-05,exact,France,Le Havre,leisure,international career,"Never quite knowing whether it was going to rain or whether I should put sunscreen back on my nose.",with family,49.4944,0.1079,3
108,2021,6-8 June,2021-06-06,2021-06-08,exact,France,Mont Saint-Michel,leisure,international career,"Everyone kept telling us that we should visit this place. So we did.",with family,48.6361,-1.5115,3
109,2021,31 July - 8 August,2021-07-31,2021-08-08,exact,France,Corse,leisure,international career,"Somehow, the folder from this trip is full of photos of our dog sitting under a sun umbrella and looking at the sea.",with family,42.0396,9.0129,9
110,2021,3-13 October,2021-10-03,2021-10-13,exact,France,Levernois,purpose,international career,"Participated in a wine course, learning about this fascinating sector, tasting wines and getting deeper into something I had been interested in for years.",alone,46.9632,4.8726,11
111,2021,20-21 November,2021-11-20,2021-11-21,exact,Switzerland,Zurich,leisure,international career,"A trip alone with my dog, simply getting to know the city at my own pace.",alone,47.3769,8.5417,2
112,2021,20-22 December,2021-12-20,2021-12-22,exact,Russia,Saint-Petersburg,leisure,international career,"Showing Saint Petersburg to my partner, drinking hot chocolate and walking around in minus 20°C.",with family,59.93428,30.3351,3
113,2022,24-27 February,2022-02-24,2022-02-27,exact,France,Saint-Gervais-les-Bains,leisure,international career,"A few days at a spa in the Alps. Perhaps the best holiday my body had ever had.",with family,45.8918,6.712,4
114,2022,9-17 April,2022-04-09,2022-04-17,exact,France,Nice,purpose,international career,"A French language course. Again another attempt. Six years of my efforts to learn the language.",alone,43.7102,7.262,9
115,2022,3-7 June,2022-06-03,2022-06-07,exact,Germany,Berlin,leisure,international career,"Visiting a place I love again, walking the same streets and feeling the same vibe.",with family,52.52,13.405,5
116,2022,1 Jul 2022 – 5 Jul 2022,2022-07-01,2022-07-05,exact,France,Urrugne,leisure,international career,"A family trip to the place where my husband’s grandmother spent an important part of her life. Not every trip becomes a favourite memory, but it still becomes part of the map.",with family,43.3631,-1.7006,5
117,2022,30 July-1 August,2022-07-30,2022-08-01,exact,France,Paris,purpose,international career,"Failing a wine exam to get certified, and as a treat to myself eating a burger with two layers of meat. Somehow, the burger is what I remember.",with family,48.8566,2.3522,3
118,2022,26 August - 3 September,2022-08-26,2022-09-03,exact,Spain,Furteventura,leisure,international career,"Stones, wind and landscapes that looked almost like my idea of Mars. The volcanic landscape felt completely alien.",with family,28.3587,-14.0537,9
119,2022,4 September - 10 September,2022-09-04,2022-09-10,exact,Spain,Arrecife,leisure,international career,"Lanzarote, the place where I finally fell into the arms of the Canary Islands.",with family,28.963,-13.5477,7
120,2022,21-22 December,2022-12-21,2022-12-22,exact,France,Bordeaux,leisure,international career,"I remember Bordeaux as surprisingly humid and dark, absolutely nothing like what I had imagined.",with family,44.8378,-0.5792,2
121,2023,5 Apr 2023 – 15 Apr 2023,2023-04-05,2023-04-15,exact,Portugal,Ponta Delgada,leisure,international career,"Discovering the Azores through dramatic landscapes, fishing villages, green pastures and enormous waterfalls. A place that felt almost unreal in its intensity of green.",with family,37.7412,-25.6756,11
122,2023,July 28-30,2023-07-28,2023-07-30,exact,Belgium,Boom,leisure,international career,"Tomorrowland: telectronic music, enormous digital worlds and complete immersion in an aesthetic that felt like a glimpse into the future.",with family,51.092,4.371,3
123,2023,13 September,2023-09-13,2023-09-13,exact,Switzerland,Swiss Valais,purpose,international career,"Paragliding over the Alps. An unbelievable rush of emotion, difficult to describe in words.",alone,46.19,7.55,1
124,2023,14-15 December,2023-12-14,2023-12-15,exact,Costa Rica,Parque National Volcan Poas,leisure,international career,"I was already feeling that a difficult period of my life was coming. Somehow, even then, I sensed a storm approaching and felt afraid that these might be the last days of calm.",with friends,10.1989,-84.233,2
125,2023,15-17 December,2023-12-15,2023-12-17,exact,Costa Rica,Arenal Volcano National Park,leisure,international career,"Hiking through the forest to a field of cooled lava, walking through a landscape shaped by something that had once been fire.",with friends,10.4626,-84.7033,3
126,2023,17-20 December,2023-12-17,2023-12-20,exact,Costa Rica,Montezuma,leisure,international career,"Huge waves, wild ocean and an almost empty beach. Just as it should be.",with friends,9.6794,-85.2548,4
127,2023,20-22 December,2023-12-20,2023-12-22,exact,Costa Rica,Quepos,leisure,international career,"Watching a group of monkeys run towards tourists’ things to steal potato chips, only to struggle with opening the bag. For a moment, I could almost see how we humans behave in the same way: running to get something, only to realise that once we have it, we genuinely don’t know what to do with it.",with friends,9.4319,-84.161,3
128,2023,3 days,2023-12-23,2023-12-25,exact,Costa Rica,Parque National Corcovado,leisure,international career,"I couldn’t quite understand how we had reached the point of making a business out of preserving wildlife. If the purpose is to leave animals in their natural environment, perhaps we should leave them alone, rather than bring tourists into protected places to see them.",with friends,8.5375,-83.5906,3
129,2023,2 day,2023-12-26,2023-12-28,exact,Costa Rica,Uvita,leisure,international career,"Walking along Bahía Ballena and enjoying the last days of the trip. Yet I was already uneasy about going home, knowing that the calm of the holiday was coming to an end.",with friends,9.1685,-83.735,2
130,2024,7-8 January,2024-01-07,2024-01-08,exact,France,Aix-en-Provence,purpose,international career,"A short trip to explore a possible next chapter. More of a reconnaissance trip than a holiday, walking around, looking, comparing and trying to understand what life here might feel like.",with family,43.5297,5.4474,2
131,2024,24-31 March,2024-03-24,2024-03-31,exact,France,Le Cannet,purpose,international career,"Another reconnaissance trip, this time staying long enough to experience the rhythm of everyday life rather than simply passing through.",with family,43.5766,7.019,8
132,2024,4-5 May,2024-05-04,2024-05-05,exact,France,Rivesaltes,purpose,international career,"One more stop in the search for a place that could become home. By this point, I was no longer simply travelling through southern France, I was trying to imagine myself living there.",with family,42.7695,2.8647,2
133,2024,10 August-25 September,2024-08-10,2024-09-25,exact,Russia,Kazan,purpose,transition,"I wanted to see my family and return to the roots I had left behind sixteen years earlier. Some places remain part of you even after you leave them.",with family,55.78874,49.12214,47
134,2024,26 September-26 October,2024-09-26,2024-10-26,exact,France,Frejus,purpose,transition,"Spending a month reformating our apartment while trying to navigate everyday life in a new place, including a long-running battle with a local French restaurant over the noise. Quite a practical training in integration.",alone,43.433,6.737,31
135,2025,7-11 March,2025-03-07,2025-03-11,exact,Spain,La Esperanza,purpose,transition,"My partner and I decided to organise our wedding and started looking for a place. Living in the Canary Islands, Tenerife was the obvious first choice, the island where we had spent our first holiday together eight years earlier.",with family,28.407,-16.341,5
136,2025,22-26 April,2025-04-22,2025-04-26,exact,Spain,Los Realejos,purpose,transition,"A trip back to Tenerife to see the famous carnival, while also dealing with some private matters. Life rarely separates the beautiful things from the difficult ones.",with family,28.3838,-16.5838,5
137,2025,20-25 June,2025-06-20,2025-06-25,exact,Spain,Madrid,purpose,transition,"I deliberately left several medical trips off this map. This one, however, belongs here. These few days marked one of the biggest transformations in my life: I realised I needed to search for a different purpose, even when I could not yet see what it was.",with family,40.4168,-3.7038,6
138,2025,28 July-10 August,2025-07-28,2025-08-10,exact,Spain,Puerto de la Cruz,purpose,transition,"Our wedding. Family, friends and a place that had already been part of our story for years.",with family,28.4159,-16.5533,14
139,2025,30 March-4 April,2025-03-30,2025-04-04,exact,Spain,Madrid,purpose,family,"Another medical trip. I came back with little more than hope in my heart, but sometimes hope is enough to carry you forward.",with family,40.4168,-3.7038,5
140,2025,4-5 April,2025-04-04,2025-04-05,exact,France,Carcassonne,leisure,family,"Visiting a place I had first discovered on a board game, rather than knowing it as a real city. Strange to finally find the place from the game in the real world.",with family,43.2131,2.352,2
141,2026,24 April,2026-04-24,2026-04-24,exact,France,Cassis,leisure,family,"Another birthday, and as always, I needed an escape. This time I chose a place where I had already been happy once. Perhaps I was trying to touch that happiness again.",with family,43.214,5.5396,1
142,2026,18 May-5 June,2026-05-18,2026-06-05,exact,Spain,La Manga,purpose,family,"I needed a change from a small city, and this option came up. I said yes without thinking too much.",with family,37.7167,-0.7333,19
143,2026,18 June-15 October,2026-06-18,2026-10-15,exact,Russia,Kazan,purpose,family,"Returning to my roots again. With time, I notice that they have started calling me more and more often.",with family,55.78874,49.12214,120